doc_index,pages,issuer_name,issuer_type,reference_no,issue_date,expiry_date,noc_category,purpose,dues_status,dues_amount,extraction_confidence,weighted_risk_1_to_5,deterministic_safety_score,llm_safety_score,llm_confidence,llm_top_risks,llm_notes,final_safety_score,final_decision,factor_authenticity_1to5,factor_freshness_1to5,factor_dues_1to5,factor_compliance_1to5,factor_purpose_1to5
1,1-1,PRECISION SURVEYS (INDIA) PRIVATE LIMITED,other,PS 010-11,2010-12-07,,airport_height,"Latitude, Longitude and Height above MSL Certificate for Municipal No. 19/2, Gopalapura, Being part of CTS No. 2, Local Area Map No. 56, Mysore Deviation Road, Bangalore",not_mentioned,0.0,0.9,2.5,62.5,20,0.9,"[{'risk': 'Document is a survey certificate from a private company, not an official No Objection Certificate (NOC) from a regulatory authority.', 'severity': 'high', 'evidence_quote': 'Sub: Latitude, Longitude and Height above MSL Certificate'}, {'risk': 'Document is severely outdated (issued 2010) with no explicit expiry date, making its current validity highly questionable for compliance.', 'severity': 'high', 'evidence_quote': 'Date: 07/12/2010'}]","This document is a 'Latitude, Longitude and Height above MSL Certificate' issued by a private survey company, 'PRECISION SURVEYS (INDIA) PRIVATE LIMITED', in 2010. It is a data certificate, not a regulatory NOC from a governing body like the Airport Authority of India (AAI). Its age (14 years) combined with the absence of an expiry date presents a high risk regarding its current relevance and compliance status if it's being evaluated as an apartment NOC for height clearance.",52.94,HOLD_VERIFY_REVALIDATE,1,5,3,1,3
2,2-2,Dr. Ambedkar Institute of Technology,other,Dr. AIT/Civil/No.729-D/2010-11,2010-12-07,,other,"To confirm that the submitted Latitude, Longitude and Height above Mean Sea Level (MSL) values for Gopalapura, Bangalore, are correct, with reference datum based on World Geodetic System-84 (WGS-84).",not_mentioned,0.0,0.95,2.5,62.5,20,0.85,"[{'risk': ""Document's purpose is not related to apartment safety compliance."", 'severity': 'high', 'evidence_quote': 'To confirm that the submitted Latitude, Longitude and Height above Mean Sea Level (MSL) values for Gopalapura, Bangalore, are correct...'}, {'risk': 'Document is very old for a compliance certificate.', 'severity': 'medium', 'evidence_quote': 'issue_date"": ""2010-12-07""'}, {'risk': 'Expiry date is missing, leading to uncertain validity.', 'severity': 'medium', 'evidence_quote': 'expiry_date"": """"'}]","This document is a technical verification of geo-coordinates, not a typical apartment No Objection Certificate (NOC) related to building safety, fire compliance, or environmental standards. Its content does not provide information relevant to apartment safety. Relying on this document as an 'apartment NOC' would represent a major compliance issue. The document is also significantly old, and the absence of an explicit expiry date further diminishes its utility as a current compliance document.",53.47,HOLD_VERIFY_REVALIDATE,1,5,3,1,3
3,3-3,"KARNATAKA GEO SPATIAL DATA CENTRE, SURVEY OF INDIA",govt,Nest. D985 -f /42-A-12,,,airport_height,"Provide approximate Latitude, Longitude, Height above MSL, and Distance from Airport for specified locations to Sobha Developers Pvt. Ltd.",no_dues,15000.0,0.95,1.95,76.25,20,0.95,"[{'risk': 'The NOC is extremely old (dated -12-2004) and lacks an explicit expiry date, rendering its current validity for airport height clearance highly uncertain and likely invalid for new projects.', 'severity': 'high', 'evidence_quote': 'Dated -12-2004'}, {'risk': 'The data provided in the NOC (Latitude, Longitude, Height above MSL, and Distance from Airport) is explicitly stated as approximate.', 'severity': 'medium', 'evidence_quote': 'Approximate Latitude , Longitude , height above MSL and distance from Airport'}]","The NOC's age (2004) combined with the absence of an expiry date presents a critical risk regarding its current validity for airport height clearance. Regulations and airport conditions likely changed significantly over two decades, making this document largely obsolete for current compliance. The issue date is also incomplete (missing the day).",62.89,APPROVE_WITH_CONDITIONS,1,4,1,1,3
4,4-4,Bharat Sanchar Nigam Ltd.,govt,AGM(TP)/S-6/VI/2010-11/,2011-01-18,,airport_height,"Construction of a high-rise commercial building at Municipal no. 19/2, Gopalapura, Mysore Deviation Road, Bangalore.",not_mentioned,0.0,0.98,3.5,37.5,40,0.9,"[{'risk': 'Document is significantly outdated and likely requires re-validation for current use.', 'severity': 'high', 'evidence_quote': 'dt @ BG-8 the 18.01.2011'}, {'risk': 'Issuer disclaims responsibility for future clarifications or disputes related to the NOC.', 'severity': 'medium', 'evidence_quote': 'Any clarification/dispute arising later for the above construction/NOC, will not be entertained.'}]","The NOC was issued on 2011-01-18, making it 13 years old. This age qualifies it as an 'older document' and significantly reduces its perceived safety for current construction projects. There is no expiry date explicitly mentioned in the document. The issuer, Bharat Sanchar Nigam Ltd. (a telecom entity), explicitly limits the scope to 'Height clearance only' and states that 'Any clarification/dispute arising later... will not be entertained,' which places additional risk on the applicant. The extracted 'noc_category' as 'airport_height' is inconsistent with the document text which refers to 'Microwave Survey division' and '2GHz/ 15GHz working planned schemes,' indicating a telecom height clearance.",38.06,HIGH_RISK_REJECT,1,5,3,5,3
5,5-9,Bangalore Development Authority,govt,ASC/CM(AO)/181/HAL-BG-50/2011 (HAL Airport); DLP- 14/2012-13/ bo € /2012-13. (BDA),2013-02-02,,construction,"No Objection Certificate for the construction of a Multi Storied Commercial & Residential Building by M/s.Davanam Construction Pvt. Ltd. at Municipal No. 19/2, Gopalapura, Mysore Deviation Road, Bangalore, with height clearance from HAL Airport.",conditional,4441930.0,0.8,3.5,37.5,0,0.9,"[{'risk': 'HAL Airport NOC expired', 'severity': 'high', 'evidence_quote': 'This certificate is valid for a period of FIVE years from the date of issue.'}, {'risk': 'Dues were overdue at the time of NOC issuance', 'severity': 'high', 'evidence_quote': 'Payment of Rs. 4,441,930/- due by 22-11-2012'}, {'risk': ""Risk of demolition if applicant's data is incorrect"", 'severity': 'high', 'evidence_quote': 'if, however, at . any stage it is established that the said data ... is actually different ... the structure ... will have to be demolished'}]","The HAL Airport NOC explicitly states it is valid for five years from the date of issue. Given the overall NOC issue date of 2013-02-02, the HAL component would have expired in 2018. No evidence of renewal is provided, indicating the critical height clearance NOC is expired, leading to a score of 0. Additionally, the BDA dues were overdue prior to the NOC issue date, representing a significant unfulfilled condition at the time of issuance.",29.06,HIGH_RISK_REJECT,1,5,4,4,4
6,10-11,Bangalore Electricity Supply Company Limited BESCOM,utility,CGM/BMAZ/DGM/AGM-2/F-246/,2006-03-30,,electricity,"Issue of NOC for the proposed M.S.Building at Sy. No. 19/2 Gopalapuram Near Minerva Mill compound Mysore Deviation road, Bangalore, for the purpose of obtaining sanction for the MS Building plan from BDA / BMP / BMIC / Competent authorities.",conditional,0.0,0.95,3.3,42.5,20,0.95,"[{'risk': 'NOC is not a commitment for power sanction, making future power supply uncertain.', 'severity': 'high', 'evidence_quote': 'This ‘NOC’...is not a commitment for power sanction from BESCOM. Power supply...subject to feasibility.'}, {'risk': 'Significant conditions including land donation and self-funding of infrastructure.', 'severity': 'high', 'evidence_quote': 'has to give a land measuring 4000 sq.m at free of cost to KPTCL'}, {'risk': 'Document is very old, leading to uncertainty about current validity and relevance of conditions.', 'severity': 'medium', 'evidence_quote': 'Date: 3)Jo3 fab'}]","The document, issued in 2006, is very old. Crucially, it explicitly states it is not a commitment for power sanction, only for building plan approval, with actual power supply subject to future feasibility. This presents a high risk for the ultimate goal of securing electricity for the building. Additionally, it imposes significant conditions, such as donating 4000 sq.m of land free of cost and self-executing infrastructure development.",37.16,HIGH_RISK_REJECT,1,5,4,4,2
7,12-12,BANGALORE WATER SUPPLY AND SEWERAGE BOARD,utility,"BWSSB/EIC/ACE(M)-IUDCE(M)-AUTA(M)-TU, So / 2014-15",2014-03-05,,water,"Issue of NOC for proposed Residential Development at No. 19/3, Minerva Mill quarters, Gopalapura Mysore Deviation Road, Bangalore, for providing water supply and underground facilities.",conditional,0.0,0.95,3.3,42.5,20,0.9,"[{'risk': 'No guarantee of water supply or pressure for the residential development.', 'severity': 'high', 'evidence_quote': 'The water supply to the premises / layouts / society will be provided subject to the availability of water prevailing at the time of sanctioning the connection. ... The quantum of water supply and pressure will not be guaranteed.'}, {'risk': 'NOC is old (2014) and lacks an explicit expiry date, leading to uncertain current validity.', 'severity': 'medium', 'evidence_quote': 'issue_date: 2014-03-05, expiry_date: '}, {'risk': 'Extensive and significant conditions for infrastructure, waste management, and liability.', 'severity': 'medium', 'evidence_quote': 'The party has to make arrangement for treatment plant for treating the waste water generated in their premises... The applicant is solely responsible for any environmental pollution. The party should not provide sanitary points in cellar or Basement floor.'}]","The NOC is nearly 10 years old and does not specify an expiry date, leading to uncertainty regarding its current validity. Critically, it explicitly states that water supply and pressure are not guaranteed, posing a significant risk to the habitability and functionality of the residential development. Additionally, it imposes numerous substantial conditions on the developer regarding infrastructure (e.g., rainwater harvesting, waste treatment plant, dual piping) and liability for pollution, which represent high compliance burdens and potential risks if not meticulously adhered to.",37.44,HIGH_RISK_REJECT,1,5,4,4,2
8,13-13,BWSSB,utility,1013,2014-04-23,,water,"Residential Development Building comprising 3 Blocks, 3 BF + GF + 35 Upper Floor + Club House",conditional,0.0,0.95,3.55,36.25,25,0.95,"[{'risk': 'Risk of automatic cancellation based on geographical location.', 'severity': 'high', 'evidence_quote': '21) If the above area falls under Tippagondanahalli catchment area this NOC will automatically be treated as cancelled.'}, {'risk': 'Document is old, likely outdated, impacting current validity and compliance with regulations.', 'severity': 'high', 'evidence_quote': 'issue_date: 2014-04-23'}, {'risk': 'Risk of revocation if any dispute arises, leading to uncertainty.', 'severity': 'high', 'evidence_quote': '19) NOC issued will be revoked if any dispute arises at any stage.'}]","The NOC is 10 years old (issued 2014-04-23), significantly impacting its current validity. It contains multiple high-risk conditions, including explicit clauses for automatic cancellation (Condition 21) or revocation (Condition 19), making its continued validity uncertain without further verification. There are also significant structural and environmental safety conditions (e.g., 22, 23) and substantial financial/logistical obligations (e.g., 12, 14, 15, 16).",33.58,HIGH_RISK_REJECT,1,5,4,5,2
9,14-17,"STATE LEVEL ENVIRONMENT IMPACT ASSESSMENT AUTHORITY, KARNATAKA",govt,SEFAA: 209: CON: 2011,2012-09-10,,environment,Environmental Clearance for construction of Residential and Commercial (Mixed Use) project called “Sobha Global Mall” by M/s Sobha Developers Ltd.,not_mentioned,0.0,0.95,2.6,60.0,40,0.8,"[{'risk': 'Current validity period is uncertain due to missing expiry date and document age.', 'severity': 'high', 'evidence_quote': 'Date: 10 September 2012. (issue date), expiry_date: """" (no expiry date mentioned)'}, {'risk': 'Compliance with significant pre-operational and ongoing conditions is unverified.', 'severity': 'medium', 'evidence_quote': 'The project shall be made operational only after necessary infrastructure/connection for water supply and sewerage line is provided'}]","The Environmental Clearance was issued in 2012, making it an older document. Crucially, no expiry date is provided, leading to significant uncertainty regarding its current legal validity for an operational property. Numerous conditions are listed, including critical pre-operational requirements for water supply and sewerage, as well as ongoing environmental management and energy efficiency (compliance with Energy Conservation Building Code 2007). The document grants clearance *subject to* these conditions, but provides no evidence that these conditions have been met or are being continually adhered to, thus posing a compliance risk.",56.0,HOLD_VERIFY_REVALIDATE,1,5,3,1,4
10,18-21,SEIAA,govt,SEIAA 209 CON 2011,,,environment,Construction of Residential and Commercial (Mixed Use) “Sobha Global Mall” Project of M/s. Sobha Developers Ltd.,conditional,2500000.0,0.95,2.5,62.5,40,0.65,"[{'risk': 'Uncertain Current Validity and Age', 'severity': 'high', 'evidence_quote': 'reference_no"": ""SEIAA 209 CON 2011"", ""issue_date"": """", ""expiry_date"": """". Cond 46: \'during 2012-13\', \'during 2013-14 and 2014-15\''}, {'risk': 'Unverified Compliance with Past Timelines', 'severity': 'medium', 'evidence_quote': ""Cond 34: 'maintain and operate the common infrastructure facilities created... for a period of at least 5 years after commissioning the project.' Cond 46: 'Further donation of Rs. 8 Lakh and Rs. 9 Lakhs shall be made... during 2013-14 and 2014-15'""}, {'risk': 'Dependency on Other Statutory Clearances', 'severity': 'medium', 'evidence_quote': ""Cond 14: 'The issuance of Environment Clearance doesn’t confer any right to the project proponent to operate/run the project without obtaining Statutory clearances/sanctions from all other concerned authorities.'""}]","The document is categorized as an 'older document' due to the 2011 reference number and explicit mentions of CSR commitments for the years 2012-13, 2013-14, and 2014-15 (Cond 46). Crucially, the issue_date and expiry_date are missing from the extracted fields and not found in the document text, making its current validity highly uncertain. While the numerous conditions themselves cover standard environmental and safety aspects for a project of this scale, the absence of validity dates and the document's age pose significant compliance risks. Conditions with past timelines (e.g., 5-year maintenance, specific CSR donation years) further highlight the need for updated compliance verification. The score reflects the significant uncertainty regarding the document's current applicability and the need for multiple other statutory clearances.",58.84,HOLD_VERIFY_REVALIDATE,1,4,4,1,4
11,22-46,"Office of the Director General of Police Commandant General, Home Guards & Director of Civil Defence and Director General Karnataka State Fire & Emergency Services",govt,No.GBC(1)349/2012,,,construction,"Construction of High Rise Mixed Occupancy (Mall & Multiplex with residential, retail, office & theaters) Building at Municipal No.19/2, Minerva Mills area, Gopalapura, Bangalore.",not_mentioned,0.0,0.95,2.35,66.25,20,0.6,"[{'risk': 'Missing expiry date', 'severity': 'high', 'evidence_quote': 'No explicit expiry date is mentioned in the document or extracted fields.'}, {'risk': 'Age of NOC and category (construction)', 'severity': 'high', 'evidence_quote': 'No.GBC(1)349/2012 ntb-12-2012 ... Sub: Issue of NOC for the construction of High Rise Mixed Occupancy...'}, {'risk': 'NOC is for construction, not occupancy', 'severity': 'medium', 'evidence_quote': 'Sub: Issue of NOC for the construction of High Rise Mixed Occupancy (Mall & Multiplex with residential, retail, office & theaters) Building'}]","The NOC is dated December 2012 and is explicitly for the 'construction' of a high-rise mixed-occupancy building. A critical risk is the absence of an explicit expiry date, which makes the current validity and applicability of this construction NOC highly uncertain after 12 years. While the document details numerous fire prevention and safety measures to be incorporated 'while construct the building,' these are conditions for the construction phase, not a certification of a completed and occupied apartment's safety. For assessing current apartment safety, this document alone is insufficient and presents a high risk due to its age and lack of expiry information.",59.31,HOLD_VERIFY_REVALIDATE,1,4,3,1,4
12,47-49,Karnataka State Pollution Control Board,govt,,,,environment,"This Consent for Establishment (CFE) outlines comprehensive environmental conditions and control measures for a project, covering waste management, water and air pollution control, health and safety, sustainable practices, and required infrastructure during construction and operation.",not_mentioned,0.0,0.9,2.85,53.75,20,0.9,"[{'risk': 'This document is a Consent for Establishment (CFE) and not the final operational NOC. Separate consents for effluent discharge and air emissions are explicitly required to operate the apartment.', 'severity': 'high', 'evidence_quote': 'separate consents...shall have to be obtained by remitting prescribed consent fee.'}, {'risk': 'The validity period of this Consent for Establishment (CFE) itself is unknown due to missing issue and expiry dates.', 'severity': 'high', 'evidence_quote': '""issue_date"": """", ""expiry_date"": """" (from extracted fields)'}, {'risk': 'Numerous specific environmental management conditions must be satisfied during the establishment phase, failure to do so could lead to non-compliance and prevent final operational consent.', 'severity': 'medium', 'evidence_quote': 'The project must adhere to extensive environmental management conditions'}]","This document is a Consent for Establishment (CFE), which permits construction under specific environmental conditions, but explicitly states that separate consents for operational aspects (effluent discharge and air emissions) must be obtained later. Crucially, the issue and expiry dates for this CFE are not provided, making its current validity for even the establishment phase uncertain. Therefore, this document alone is highly insufficient for an operational apartment, and its own foundational validity is questionable.",46.16,HOLD_VERIFY_REVALIDATE,3,4,3,1,4
13,50-51,"G.C. Prakash, Deputy Commissioner and District Magistrate, Bangalore Urban District",govt,,2013-09-20,,construction,Clearance for construction of multiplex building and outlining requirements for obtaining an Exhibition Licence.,not_mentioned,0.0,0.9,3.1,47.5,20,0.9,"[{'risk': 'Document likely invalid/expired due to age and missing expiry date.', 'severity': 'high', 'evidence_quote': 'Given under my hand and seal of this office on 20th September 2013.'}, {'risk': 'Conditional authorization requiring additional NOCs for building plan.', 'severity': 'medium', 'evidence_quote': 'It is the responsibility of the owner to procure NOCs for building plan from all the requisite authorities.'}]","The NOC is over 10 years old (issued 2013-09-20) for a construction project with no explicit expiry date, making its current validity highly questionable. It also explicitly states that other necessary NOCs for the building plan must be procured.",41.31,HOLD_VERIFY_REVALIDATE,3,5,3,1,4
